Date,Produit,Quantit√©,Prix,Client
2023-03-11,Produuit_9,10,65.93069373299541,Client_30
2023-02-13,Produuit_8,10,94.98839007654631,Client_17
2023-11-25,Produuit_4,1,25.567131454579766,Client_58
2023-09-10,Produuit_10,6,42.52068577006413,Client_30
2023-05-24,Produuit_8,3,97.60178898498353,Client_71
2023-05-27,Produuit_10,8,52.18977563211907,Client_33
2023-03-06,Produuit_10,3,74.42023186685788,Client_77
2023-09-08,Produuit_5,5,59.539129628567615,Client_5
2023-10-13,Produuit_6,3,98.45768791803096,Client_70
2023-08-23,Produuit_8,1,46.34013167685996,Client_43
2023-03-21,Produuit_4,2,28.369436886419383,Client_17
2023-03-19,Produuit_8,1,8.733464513741893,Client_11
2023-08-22,Produuit_3,9,67.30659933684015,Client_91
2023-02-18,Produuit_6,5,59.224113145373174,Client_49
2023-04-12,Produuit_7,5,59.46030365470072,Client_10
2023-07-27,Produuit_10,7,52.83610684427204,Client_53
2023-03-25,Produuit_7,1,88.76009465568633,Client_10
2023-06-24,Produuit_8,1,7.412324237161509,Client_33
2023-12-24,Produuit_10,7,42.22626810340881,Client_34
2023-07-18,Produuit_3,6,45.60003198427192,Client_18
2023-07-09,Produuit_2,5,5.262567185579905,Client_48
2023-11-04,Produuit_8,9,7.068066008097891,Client_99
2023-08-25,Produuit_4,2,68.60746712572059,Client_28
2023-04-03,Produuit_7,5,9.878937132547772,Client_56
2023-07-26,Produuit_10,8,64.34968637776765,Client_37
2023-12-08,Produuit_10,1,97.4641408331569,Client_82
2023-03-04,Produuit_1,6,59.080337802034265,Client_17
2023-12-18,Produuit_9,10,69.94578947530674,Client_65
2023-07-27,Produuit_8,2,19.82618770550645,Client_35
2023-06-24,Produuit_5,8,46.44610916358706,Client_90
2023-09-03,Produuit_2,1,79.73748086386823,Client_12
2023-08-23,Produuit_10,3,80.41592473941202,Client_18
2023-07-24,Produuit_8,3,96.07646008471468,Client_100
2023-06-02,Produuit_3,3,40.331287922071844,Client_26
2023-08-02,Produuit_10,6,21.96463159730084,Client_26
2023-07-13,Produuit_1,4,86.99275749137102,Client_10
2023-11-08,Produuit_1,4,34.98577770715393,Client_37
2023-09-17,Produuit_6,3,2.422873366978507,Client_76
2023-05-20,Produuit_4,7,4.269718287928166,Client_36
2023-08-22,Produuit_6,8,29.80885487334383,Client_35
2023-06-18,Produuit_7,6,11.511869228328479,Client_4
2023-03-04,Produuit_4,10,33.85194128728481,Client_48
2023-09-10,Produuit_1,7,94.01772058183502,Client_26
2023-10-26,Produuit_10,9,68.94613949586366,Client_99
2023-10-17,Produuit_2,6,96.35757799612185,Client_66
2023-01-11,Produuit_9,3,57.29833329399003,Client_49
2023-11-15,Produuit_10,4,82.08211723581074,Client_86
2023-05-24,Produuit_4,5,47.42310882155397,Client_57
2023-05-26,Produuit_1,2,45.409470093106655,Client_25
2023-10-28,Produuit_3,3,11.846110094996325,Client_10
2023-11-21,Produuit_5,1,33.83821328702959,Client_98
2023-03-22,Produuit_9,3,93.27936745211076,Client_40
2023-03-26,Produuit_9,9,39.22709275228444,Client_18
2023-11-14,Produuit_1,5,29.850509463619776,Client_89
2023-01-28,Produuit_7,8,82.82257167080924,Client_38
2023-08-11,Produuit_7,1,57.9324520808228,Client_89
2023-08-06,Produuit_7,4,82.6328406313303,Client_75
2023-06-22,Produuit_10,3,16.97972645483813,Client_22
2023-01-05,Produuit_3,10,38.93532082395469,Client_22
2023-08-28,Produuit_10,6,16.68263413058024,Client_9
2023-05-13,Produuit_10,3,16.98155652598855,Client_64
2023-01-21,Produuit_4,4,25.92064792162387,Client_68
2023-10-12,Produuit_2,7,65.03850386536836,Client_10
2023-02-27,Produuit_10,8,15.008422865124073,Client_85
2023-05-23,Produuit_4,2,26.884573526951467,Client_13
2023-02-24,Produuit_8,1,80.8151475527049,Client_92
2023-07-22,Produuit_5,10,87.72844076128716,Client_65
2023-09-28,Produuit_6,7,67.58838334705814,Client_100
2023-04-04,Produuit_5,7,5.719091511984724,Client_23
2023-08-26,Produuit_9,4,56.01438169074535,Client_13
2023-09-20,Produuit_9,2,61.445475022335586,Client_53
2023-07-08,Produuit_7,2,18.843434524854654,Client_74
2023-09-02,Produuit_1,6,52.80813990823854,Client_55
2023-11-27,Produuit_5,9,52.873663713098914,Client_47
2023-10-24,Produuit_8,8,97.78501576193457,Client_4
2023-12-18,Produuit_10,4,54.56914099482822,Client_56
2023-10-13,Produuit_1,10,90.26765453612697,Client_60
2023-03-19,Produuit_1,7,15.147387509909093,Client_71
2023-10-01,Produuit_5,5,24.526767341054406,Client_3
2023-09-15,Produuit_5,3,64.75903235871985,Client_77
2023-06-19,Produuit_9,4,45.53014783328077,Client_69
2023-09-09,Produuit_6,3,57.295202187044644,Client_93
2023-10-26,Produuit_7,8,6.602456904795174,Client_99
2023-04-21,Produuit_4,1,89.77228826027496,Client_37
2023-10-14,Produuit_1,4,40.53570598477226,Client_33
2023-08-06,Produuit_2,2,46.69956964272928,Client_21
2023-02-20,Produuit_6,6,66.5837420520642,Client_40
2023-07-13,Produuit_9,3,68.5109234316443,Client_25
2023-12-08,Produuit_10,4,18.991239099366354,Client_69
2023-02-21,Produuit_1,7,91.59646718527485,Client_37
2023-07-04,Produuit_4,9,14.298056171665797,Client_6
2023-02-05,Produuit_7,2,24.57541856502814,Client_37
2023-08-06,Produuit_9,8,55.35033278466746,Client_84
2023-10-16,Produuit_5,1,41.601996177482654,Client_57
2023-01-28,Produuit_5,4,92.59630971610324,Client_52
2023-05-14,Produuit_4,8,44.85176947619726,Client_21
2023-06-13,Produuit_7,7,25.89657101870618,Client_64
2023-05-18,Produuit_3,3,54.15237076224162,Client_54
2023-03-06,Produuit_2,4,83.12849576356537,Client_93
2023-12-02,Produuit_4,3,3.6959504984740987,Client_66
2023-11-15,Produuit_5,1,93.73462866517927,Client_89
2023-09-11,Produuit_7,4,35.66058322384205,Client_41
2023-02-16,Produuit_6,1,98.57556758692724,Client_10
2023-10-11,Produuit_9,3,67.45605085827839,Client_99
2023-09-22,Produuit_7,9,23.669101442561995,Client_45
2023-04-16,Produuit_8,10,83.81317318967346,Client_32
2023-03-12,Produuit_3,1,10.082165378105472,Client_33
2023-02-13,Produuit_10,8,28.118573741165907,Client_98
2023-07-09,Produuit_9,4,10.195721260739882,Client_3
2023-10-14,Produuit_9,5,40.612125694592244,Client_72
2023-08-24,Produuit_8,9,29.20637103798353,Client_39
2023-05-20,Produuit_10,7,99.91751307624631,Client_62
2023-04-27,Produuit_2,10,83.62612293804098,Client_4
2023-06-24,Produuit_9,5,38.881255936060874,Client_55
2023-11-07,Produuit_4,6,89.5933488296428,Client_47
2023-01-18,Produuit_8,1,67.37452110241222,Client_10
2023-03-15,Produuit_4,9,48.876328503140044,Client_1
2023-08-02,Produuit_6,5,68.53629447047732,Client_80
2023-09-12,Produuit_6,9,3.021441732222742,Client_37
2023-06-08,Produuit_8,8,9.54334042273077,Client_24
2023-09-16,Produuit_4,6,21.870394883215354,Client_42
2023-10-07,Produuit_7,8,64.89919584576282,Client_74
2023-06-17,Produuit_3,5,69.70209605090787,Client_87
2023-11-01,Produuit_10,10,71.33077470603652,Client_85
2023-06-12,Produuit_9,7,33.00828408017186,Client_26
2023-07-16,Produuit_5,7,11.389698641356901,Client_23
2023-08-19,Produuit_6,3,35.548461682217884,Client_75
2023-12-08,Produuit_10,3,95.46354102308926,Client_96
2023-10-14,Produuit_2,1,22.747804919583043,Client_15
2023-07-22,Produuit_5,7,49.73131964055922,Client_57
2023-03-20,Produuit_5,8,92.84604293298545,Client_89
2023-09-03,Produuit_6,3,66.81950095008992,Client_83
2023-10-07,Produuit_7,5,86.90939484373895,Client_8
2023-03-05,Produuit_5,6,21.400228116383417,Client_32
2023-01-12,Produuit_1,8,32.936983870501805,Client_30
2023-04-18,Produuit_10,8,84.54873435303763,Client_87
2023-12-28,Produuit_5,7,94.0883578376073,Client_80
2023-11-11,Produuit_10,1,24.701540577526302,Client_31
2023-04-16,Produuit_4,6,11.92464136230527,Client_42
2023-07-17,Produuit_1,3,91.43892828408796,Client_54
2023-04-21,Produuit_9,4,54.60538616959379,Client_21
2023-08-22,Produuit_2,5,23.694683521314854,Client_92
2023-04-15,Produuit_9,9,5.604588019161516,Client_69
2023-07-09,Produuit_9,3,44.1037480495807,Client_93
2023-06-25,Produuit_4,10,20.99407200575822,Client_48
2023-12-15,Produuit_9,9,16.86541718865562,Client_14
2023-07-07,Produuit_1,3,77.38176484669631,Client_92
2023-12-01,Produuit_2,8,29.55203163890306,Client_11
2023-10-15,Produuit_9,6,42.004524499230556,Client_38
2023-05-24,Produuit_3,4,12.777810358173165,Client_34
2023-05-21,Produuit_5,5,58.44169606512735,Client_3
2023-12-16,Produuit_4,6,28.75992133898236,Client_30
2023-10-18,Produuit_8,7,93.37277555442431,Client_98
2023-03-13,Produuit_6,6,96.73189338352346,Client_3
2023-11-01,Produuit_10,6,35.86730916543635,Client_14
2023-06-04,Produuit_2,10,86.9005813693706,Client_41
2023-03-16,Produuit_5,6,74.2378154818641,Client_73
2023-06-03,Produuit_10,1,77.08260937549517,Client_77
2023-03-23,Produuit_10,8,47.49355044365537,Client_49
2023-04-18,Produuit_10,1,51.44631112786963,Client_64
2023-08-02,Produuit_2,3,9.090138061599236,Client_34
2023-03-06,Produuit_2,4,28.56285748350574,Client_17
2023-11-12,Produuit_7,6,86.38634945027536,Client_88
2023-10-13,Produuit_4,5,30.92633265872996,Client_65
2023-07-24,Produuit_7,2,78.57457254692146,Client_25
2023-11-15,Produuit_6,4,71.81221419961668,Client_82
2023-04-04,Produuit_1,6,45.9275621719491,Client_80
2023-02-24,Produuit_8,9,25.190877196275224,Client_99
2023-06-17,Produuit_10,6,51.61275373702352,Client_55
2023-05-22,Produuit_3,9,50.38355576390543,Client_64
2023-11-24,Produuit_5,1,99.57610795921231,Client_41
2023-12-05,Produuit_9,10,35.050295096472595,Client_3
2023-09-18,Produuit_6,2,12.567589123958589,Client_33
2023-08-03,Produuit_6,5,36.162983724364345,Client_95
2023-04-08,Produuit_8,7,65.21546498920705,Client_50
2023-12-20,Produuit_6,7,9.655314572590576,Client_54
2023-07-07,Produuit_3,6,54.40343165102793,Client_55
2023-03-12,Produuit_6,9,36.02777692448939,Client_84
2023-06-25,Produuit_6,7,68.39470786231874,Client_27
2023-04-16,Produuit_2,4,52.62454965913115,Client_29
2023-10-04,Produuit_3,9,82.26018697640399,Client_17
2023-03-05,Produuit_6,7,32.97707623030189,Client_78
2023-05-16,Produuit_10,10,98.76710399176558,Client_42
2023-01-17,Produuit_8,1,9.904278531837729,Client_31
2023-08-06,Produuit_6,2,57.10444201663478,Client_70
2023-06-11,Produuit_8,3,51.80241364890127,Client_28
2023-08-07,Produuit_1,6,48.99837620337357,Client_34
2023-06-17,Produuit_3,6,61.995845819638774,Client_60
2023-06-27,Produuit_9,6,66.87126896711983,Client_14
2023-09-23,Produuit_4,2,46.738368936377405,Client_44
2023-05-16,Produuit_7,7,94.78308147026168,Client_13
2023-09-16,Produuit_2,8,70.65022883912049,Client_67
2023-07-04,Produuit_5,7,91.92206077143979,Client_53
2023-04-26,Produuit_8,3,84.47207413747529,Client_66
2023-12-16,Produuit_7,1,67.36287040847192,Client_37
2023-11-02,Produuit_7,7,46.51560828257055,Client_6
2023-11-21,Produuit_3,8,23.407902051301065,Client_32
2023-08-24,Produuit_3,2,17.86794285372798,Client_21
2023-06-17,Produuit_3,2,12.01861054725494,Client_44
2023-10-01,Produuit_6,1,14.088064692639438,Client_58
2023-12-28,Produuit_10,7,50.13270297851646,Client_82
2023-01-13,Produuit_5,5,96.87334656570734,Client_50
2023-05-24,Produuit_4,1,45.4928665720864,Client_19
2023-09-12,Produuit_5,9,46.863231446761475,Client_48
2023-05-18,Produuit_4,2,35.39607500705621,Client_6
2023-08-08,Produuit_8,1,78.47407348382129,Client_55
2023-02-04,Produuit_2,8,83.99413804621426,Client_19
2023-07-05,Produuit_7,6,90.39237916768927,Client_46
2023-09-01,Produuit_4,2,59.64971317751074,Client_45
2023-04-20,Produuit_9,10,32.25374554223238,Client_78
2023-12-27,Produuit_3,1,97.60971855087766,Client_38
2023-09-18,Produuit_5,8,4.6401402105341765,Client_66
2023-01-12,Produuit_8,7,56.056764177855534,Client_64
2023-04-20,Produuit_10,3,18.18344004823912,Client_76
2023-03-21,Produuit_6,5,99.2583819207984,Client_77
2023-04-25,Produuit_4,7,11.432212625489477,Client_83
2023-12-26,Produuit_2,9,86.83086417356655,Client_67
2023-02-03,Produuit_9,9,28.31298544029263,Client_26
2023-03-05,Produuit_1,3,74.30144155901014,Client_16
2023-07-21,Produuit_7,5,33.141080657182805,Client_64
2023-12-14,Produuit_8,2,94.26808376990245,Client_80
2023-04-08,Produuit_10,7,65.47400215292042,Client_52
2023-10-19,Produuit_1,3,39.988939578804214,Client_73
2023-10-09,Produuit_4,9,54.3820105184012,Client_25
2023-08-01,Produuit_8,9,79.1260976104686,Client_35
2023-10-16,Produuit_1,2,44.99509756726618,Client_40
2023-06-12,Produuit_9,6,55.14965060391156,Client_22
2023-09-01,Produuit_9,8,30.915325985414526,Client_45
2023-10-10,Produuit_1,3,75.73603052946933,Client_75
2023-08-20,Produuit_7,8,31.573826521466337,Client_93
2023-10-25,Produuit_10,9,2.5502423096864524,Client_92
2023-05-01,Produuit_4,1,93.32416616039757,Client_12
2023-10-28,Produuit_6,6,8.606972539980912,Client_1
2023-11-17,Produuit_7,8,86.2643388502305,Client_100
2023-08-11,Produuit_2,4,97.72721979656235,Client_2
2023-07-07,Produuit_6,7,32.02440454812376,Client_47
2023-12-12,Produuit_8,3,75.61979537535042,Client_20
2023-11-05,Produuit_8,2,54.23123232280682,Client_22
2023-11-01,Produuit_2,7,83.31759244224976,Client_16
2023-05-09,Produuit_2,5,72.22154641870229,Client_68
2023-08-10,Produuit_6,6,16.99284666257462,Client_100
2023-09-27,Produuit_1,4,41.30980127864392,Client_78
2023-09-13,Produuit_3,9,20.080040710939095,Client_75
2023-11-23,Produuit_5,7,23.900450293802606,Client_22
2023-08-10,Produuit_3,10,73.29699721066882,Client_80
2023-11-24,Produuit_4,4,25.094760939650083,Client_84
2023-02-04,Produuit_6,9,71.35389274586151,Client_20
2023-07-09,Produuit_7,4,76.54144110106733,Client_58
2023-03-24,Produuit_5,7,74.86631223989939,Client_86
2023-01-11,Produuit_5,10,93.91422047945775,Client_77
2023-05-16,Produuit_10,4,65.22881961681544,Client_70
2023-03-19,Produuit_10,2,54.78736818367763,Client_71
2023-05-10,Produuit_10,4,34.857871553531886,Client_55
2023-06-27,Produuit_3,7,55.25789897711211,Client_31
2023-04-19,Produuit_5,4,84.6218478937217,Client_59
2023-11-02,Produuit_7,8,22.4595980055238,Client_78
2023-12-08,Produuit_9,3,82.9925343073509,Client_12
2023-03-10,Produuit_3,6,57.10209033024033,Client_47
2023-02-10,Produuit_9,3,12.382885331422136,Client_59
2023-11-21,Produuit_8,9,30.005735485040706,Client_53
2023-06-19,Produuit_1,8,78.52087266868895,Client_79
2023-08-09,Produuit_6,2,46.073104239011755,Client_52
2023-09-11,Produuit_7,10,20.849193523005397,Client_95
2023-01-21,Produuit_1,2,32.34580545048445,Client_50
2023-10-26,Produuit_3,2,89.07857979078601,Client_30
2023-03-20,Produuit_2,6,56.576965419408836,Client_5
2023-01-20,Produuit_10,2,19.212616601449124,Client_55
2023-03-16,Produuit_1,6,68.26569262342144,Client_23
2023-03-03,Produuit_1,4,72.86177790904986,Client_52
2023-07-19,Produuit_1,9,68.22779482342494,Client_88
2023-10-05,Produuit_1,9,56.44964597423226,Client_61
2023-02-10,Produuit_1,6,15.160419467695773,Client_3
2023-03-24,Produuit_1,5,78.27154839638487,Client_39
2023-10-19,Produuit_5,1,24.751326094634777,Client_13
2023-08-11,Produuit_4,9,62.35280499973692,Client_98
2023-03-08,Produuit_5,7,29.183448438779042,Client_45
2023-01-26,Produuit_7,1,16.125282235448786,Client_39
2023-10-05,Produuit_5,9,65.37237949268955,Client_1
2023-04-01,Produuit_4,7,61.03010907843831,Client_96
2023-09-11,Produuit_3,2,26.111489168094394,Client_47
2023-05-07,Produuit_8,2,92.63077817587296,Client_46
2023-04-20,Produuit_5,3,27.91846543471838,Client_67
2023-07-22,Produuit_8,7,83.84036052187251,Client_90
2023-08-06,Produuit_8,4,85.81920132166314,Client_21
2023-08-08,Produuit_5,10,6.569047169388396,Client_75
2023-05-17,Produuit_8,3,59.306345665390594,Client_51
2023-04-01,Produuit_10,2,64.83598161787182,Client_13
2023-04-04,Produuit_6,4,56.824628297294055,Client_99
2023-03-17,Produuit_2,6,95.92420659833006,Client_46
2023-02-02,Produuit_10,2,71.00213228391677,Client_4
2023-04-15,Produuit_10,1,81.70501117461482,Client_83
2023-05-23,Produuit_4,4,45.225736553889526,Client_63
2023-02-27,Produuit_3,6,72.14471114873754,Client_70
2023-08-15,Produuit_3,1,30.92203783505616,Client_11
2023-10-07,Produuit_8,4,23.793304149944557,Client_57
2023-09-20,Produuit_7,1,30.56516421751316,Client_21
2023-01-05,Produuit_5,6,7.580493703049016,Client_18
2023-06-07,Produuit_9,2,71.4204694410133,Client_94
2023-10-27,Produuit_8,5,73.31132401437057,Client_30
2023-06-25,Produuit_6,8,37.8664314327035,Client_55
2023-05-22,Produuit_9,5,8.968598118046497,Client_10
2023-12-26,Produuit_7,3,69.94430280716143,Client_34
2023-12-22,Produuit_1,5,57.45406131794755,Client_39
2023-12-26,Produuit_3,9,54.578098957551255,Client_21
2023-11-05,Produuit_9,6,9.981797824071126,Client_19
2023-04-03,Produuit_4,5,99.04688270943227,Client_89
2023-10-27,Produuit_10,6,4.607408452599463,Client_57
2023-09-28,Produuit_1,6,71.8469351390774,Client_44
2023-07-07,Produuit_2,5,2.25428246725377,Client_19
2023-06-16,Produuit_10,4,82.63684283962787,Client_99
2023-02-04,Produuit_9,1,34.71439762966753,Client_80
2023-09-15,Produuit_6,5,55.19416751024783,Client_34
2023-10-25,Produuit_5,1,81.20806266611474,Client_86
2023-12-11,Produuit_9,2,66.63985147714683,Client_4
2023-05-22,Produuit_9,9,56.271719330011344,Client_14
2023-02-01,Produuit_4,10,84.99166946229693,Client_27
2023-03-11,Produuit_6,9,24.261851402132546,Client_55
2023-08-26,Produuit_10,5,78.79955029498461,Client_36
2023-10-02,Produuit_10,5,82.86571164869068,Client_70
2023-01-04,Produuit_2,7,47.80218748937623,Client_57
2023-11-25,Produuit_8,4,15.78394402187573,Client_71
2023-05-06,Produuit_2,9,29.879836507397478,Client_54
2023-08-11,Produuit_9,10,5.322040138755312,Client_93
2023-08-12,Produuit_6,6,46.89502976667143,Client_42
2023-01-27,Produuit_6,5,22.690812108088892,Client_86
2023-09-14,Produuit_3,5,24.75507210930958,Client_21
2023-08-27,Produuit_1,6,91.30612277698252,Client_2
2023-08-20,Produuit_4,1,50.97852431395755,Client_14
2023-04-12,Produuit_8,4,7.987450457409232,Client_50
2023-10-26,Produuit_5,6,66.83766453821197,Client_27
2023-08-08,Produuit_7,9,68.71937465977285,Client_4
2023-08-05,Produuit_4,9,15.768232106560799,Client_15
2023-06-07,Produuit_9,6,24.93189130661098,Client_29
2023-02-10,Produuit_8,6,13.742556622756522,Client_96
2023-06-15,Produuit_9,5,26.353688084793824,Client_87
2023-11-27,Produuit_3,9,8.864635229849906,Client_52
2023-10-28,Produuit_7,5,79.50664051581404,Client_98
2023-04-19,Produuit_1,6,41.090826686163126,Client_1
2023-12-17,Produuit_1,10,73.77739882446235,Client_87
2023-11-19,Produuit_3,1,93.78427094476686,Client_97
2023-04-07,Produuit_6,1,16.488044908333997,Client_84
2023-07-16,Produuit_7,7,17.32957899963038,Client_65
2023-02-18,Produuit_10,5,80.69625110812315,Client_92
2023-12-04,Produuit_5,6,99.68598593705892,Client_12
2023-01-25,Produuit_10,6,55.65528536368838,Client_89
2023-07-07,Produuit_7,2,87.57617334537268,Client_70
2023-10-01,Produuit_2,2,20.680355556297528,Client_94
2023-03-16,Produuit_1,9,44.34478426688823,Client_5
2023-10-11,Produuit_7,1,68.60780827388764,Client_64
2023-01-22,Produuit_6,3,13.80119027405498,Client_37
2023-06-19,Produuit_4,6,61.38722199985822,Client_67
2023-06-07,Produuit_2,9,57.66602568905693,Client_84
2023-04-07,Produuit_7,2,93.62586705872481,Client_95
2023-05-27,Produuit_6,9,76.02238516067996,Client_77
2023-02-17,Produuit_3,6,2.1045819956461873,Client_31
2023-12-04,Produuit_3,6,43.43084841230014,Client_1
2023-11-25,Produuit_4,7,14.712826980785685,Client_59
2023-09-01,Produuit_7,9,85.68638095063662,Client_29
2023-03-01,Produuit_1,9,45.447185067520195,Client_37
2023-06-24,Produuit_10,4,65.22149054581334,Client_3
2023-07-06,Produuit_6,1,2.7000780651476592,Client_88
2023-07-01,Produuit_10,2,75.43272221316589,Client_33
2023-10-09,Produuit_1,3,29.43261416776454,Client_46
2023-03-03,Produuit_1,5,49.11735952795279,Client_48
2023-10-08,Produuit_2,1,49.64291362084521,Client_96
2023-05-15,Produuit_9,1,66.81032049083646,Client_95
2023-03-22,Produuit_3,10,80.80700132397985,Client_21
2023-02-23,Produuit_7,1,72.2358430907505,Client_38
2023-04-16,Produuit_10,7,15.319536969919682,Client_77
2023-07-01,Produuit_9,4,56.86854379863017,Client_46
2023-09-21,Produuit_10,6,84.53742576535561,Client_59
2023-07-28,Produuit_9,5,96.70769492577502,Client_88
2023-06-10,Produuit_9,4,73.65552792373964,Client_31
2023-04-01,Produuit_1,4,65.47806237018293,Client_62
2023-07-17,Produuit_8,4,21.46081955645213,Client_67
2023-01-09,Produuit_8,8,13.831550645912694,Client_44
2023-11-16,Produuit_7,6,95.0206941389333,Client_100
2023-10-12,Produuit_3,9,43.96344668686441,Client_78
2023-11-26,Produuit_4,2,15.987954222379937,Client_81
2023-08-04,Produuit_3,3,86.70615296886223,Client_2
2023-05-28,Produuit_3,6,30.92197509385101,Client_27
2023-07-21,Produuit_6,6,51.51847225746084,Client_31
2023-09-08,Produuit_1,9,67.17211447371425,Client_73
2023-05-24,Produuit_3,3,78.18944050488616,Client_51
2023-09-25,Produuit_5,9,54.60305530193606,Client_8
2023-06-26,Produuit_4,2,68.06015712555997,Client_69
2023-08-24,Produuit_5,10,23.54698432408601,Client_45
2023-09-16,Produuit_6,6,50.68527016695135,Client_32
2023-06-19,Produuit_4,4,22.74462105386094,Client_45
2023-10-03,Produuit_7,4,67.9558283519954,Client_28
2023-10-16,Produuit_4,8,35.65342898992223,Client_99
2023-07-26,Produuit_7,8,31.816089529133606,Client_71
2023-09-07,Produuit_9,4,74.77973646991356,Client_80
2023-10-22,Produuit_10,10,95.02386525925196,Client_16
2023-01-23,Produuit_4,4,55.53338693878444,Client_12
2023-05-10,Produuit_8,5,5.591363818271018,Client_84
2023-04-15,Produuit_7,7,87.63480370876701,Client_63
2023-01-07,Produuit_2,7,74.89097159949861,Client_26
2023-09-17,Produuit_2,8,16.50104731002294,Client_4
2023-10-26,Produuit_10,6,90.77256590901935,Client_31
2023-03-27,Produuit_4,8,53.46214299194002,Client_24
2023-03-04,Produuit_7,1,16.683150952875607,Client_67
2023-10-13,Produuit_2,10,82.07157149938165,Client_19
2023-02-15,Produuit_8,6,84.50589326956941,Client_39
2023-08-13,Produuit_5,8,18.34370972057916,Client_91
2023-02-07,Produuit_8,3,99.76987965477089,Client_56
2023-05-26,Produuit_3,3,78.54385848923566,Client_37
2023-02-20,Produuit_6,1,23.877096273514763,Client_80
2023-05-06,Produuit_10,9,46.50248425586881,Client_86
2023-09-11,Produuit_6,8,44.28254717943449,Client_12
2023-09-18,Produuit_7,2,1.6413444336627308,Client_64
2023-09-20,Produuit_9,6,79.52421579117663,Client_25
2023-01-26,Produuit_10,3,20.89457713493153,Client_33
2023-10-21,Produuit_7,10,56.43451404287921,Client_29
2023-12-06,Produuit_1,3,62.13211706267916,Client_95
2023-12-08,Produuit_10,5,69.512746915493,Client_42
2023-04-10,Produuit_7,8,75.96055750252614,Client_34
2023-12-27,Produuit_9,3,83.86218191073823,Client_74
2023-02-02,Produuit_7,8,43.453759766009696,Client_70
2023-08-15,Produuit_4,7,32.68780020826088,Client_45
2023-02-12,Produuit_7,4,96.39570157068752,Client_34
2023-07-28,Produuit_9,8,5.9465249924468075,Client_59
2023-08-02,Produuit_3,6,95.85308541769703,Client_97
2023-07-22,Produuit_6,9,75.85947017436905,Client_6
2023-04-24,Produuit_3,9,51.01522260210125,Client_22
2023-08-22,Produuit_9,4,45.503666470148126,Client_8
2023-01-03,Produuit_7,3,52.0309248825287,Client_26
2023-04-12,Produuit_6,2,77.19565584612998,Client_80
2023-03-12,Produuit_10,3,79.57316246802432,Client_87
2023-08-15,Produuit_5,5,41.977412703440805,Client_41
2023-03-22,Produuit_7,7,97.19077014802089,Client_62
2023-09-17,Produuit_5,3,22.44015638713886,Client_81
2023-10-24,Produuit_9,8,78.84408017010819,Client_73
2023-11-20,Produuit_3,7,83.64190270523248,Client_83
2023-12-11,Produuit_9,9,9.032506377779768,Client_87
2023-01-05,Produuit_6,6,17.645639233688414,Client_69
2023-11-05,Produuit_1,3,71.77745887311487,Client_45
2023-11-03,Produuit_4,5,89.81187088285536,Client_29
2023-01-05,Produuit_9,3,28.952698281956728,Client_97
2023-05-04,Produuit_10,10,36.926198283721334,Client_83
2023-03-20,Produuit_8,9,40.9356785535159,Client_45
2023-05-27,Produuit_9,4,92.15891846075927,Client_99
2023-08-21,Produuit_9,8,66.81488658236849,Client_58
2023-05-09,Produuit_8,2,8.533335638061416,Client_9
2023-08-16,Produuit_3,8,47.08919086084351,Client_14
2023-11-12,Produuit_7,7,75.07226820858277,Client_16
2023-11-28,Produuit_5,5,41.00535212216838,Client_75
2023-04-12,Produuit_6,3,14.409259978818703,Client_12
2023-02-11,Produuit_1,2,35.92143762712553,Client_95
2023-07-15,Produuit_2,1,19.377652401052497,Client_37
2023-03-02,Produuit_6,5,87.64893682557528,Client_76
2023-03-25,Produuit_4,4,79.87268468333812,Client_86
2023-01-21,Produuit_7,8,9.147489563963314,Client_94
2023-04-15,Produuit_9,7,59.94465307985199,Client_87
2023-04-22,Produuit_1,10,23.656768121671757,Client_87
2023-03-17,Produuit_3,5,31.701286015601845,Client_48
2023-08-24,Produuit_3,5,67.90261400141648,Client_45
2023-02-14,Produuit_2,3,40.87113002965738,Client_71
2023-03-02,Produuit_3,2,76.9126472574535,Client_64
2023-04-04,Produuit_3,1,7.219455709258517,Client_22
2023-08-04,Produuit_5,9,73.70361322969691,Client_93
2023-01-14,Produuit_1,5,64.90178345570294,Client_88
2023-01-12,Produuit_8,4,30.750231393155968,Client_6
2023-03-11,Produuit_8,1,79.98833682370228,Client_6
2023-04-20,Produuit_2,10,92.52059390080164,Client_54
2023-02-12,Produuit_6,1,72.04756776235178,Client_4
2023-07-01,Produuit_9,10,32.563622033255825,Client_5
2023-02-24,Produuit_1,9,53.168138869759574,Client_61
2023-05-14,Produuit_2,9,25.04736753985398,Client_87
2023-05-12,Produuit_5,10,33.83565714607728,Client_48
2023-07-09,Produuit_1,10,31.51596490679939,Client_3
2023-05-21,Produuit_9,4,82.7728802273512,Client_27
2023-05-03,Produuit_3,6,2.070615246132208,Client_74
2023-05-13,Produuit_4,9,56.917175164990795,Client_63
2023-03-19,Produuit_9,9,16.372143329407216,Client_82
2023-12-07,Produuit_5,1,51.25251882517584,Client_33
2023-04-09,Produuit_1,2,44.29132747444136,Client_25
2023-01-08,Produuit_7,9,17.05951938453194,Client_70
2023-11-22,Produuit_8,8,60.21818557485549,Client_63
2023-02-26,Produuit_7,1,20.526125978308556,Client_47
2023-03-16,Produuit_8,8,19.48468219878257,Client_25
2023-01-15,Produuit_2,10,27.196929283947345,Client_36
2023-02-14,Produuit_4,5,95.39907068091269,Client_37
2023-12-11,Produuit_6,7,16.330747530911154,Client_80
2023-06-21,Produuit_9,6,15.401547066648693,Client_85
2023-06-23,Produuit_10,1,60.56075442386626,Client_82
2023-11-28,Produuit_10,1,14.147634855414548,Client_56
2023-12-18,Produuit_5,8,81.80131200870744,Client_59
2023-10-20,Produuit_6,2,50.013924345509636,Client_75
2023-03-18,Produuit_8,9,54.72780969582608,Client_13
2023-02-26,Produuit_2,2,86.15183030162738,Client_4
2023-09-27,Produuit_10,5,67.48930248955092,Client_9
2023-02-13,Produuit_10,2,70.45735568424188,Client_70
2023-07-12,Produuit_4,6,75.68934797751204,Client_9
2023-07-26,Produuit_7,1,48.3187284877509,Client_61
2023-02-10,Produuit_2,8,73.57365877093963,Client_25
2023-03-01,Produuit_2,6,4.662361873285766,Client_42
2023-11-02,Produuit_1,8,12.887695457124863,Client_66
2023-07-28,Produuit_6,1,1.883066745010316,Client_36
2023-09-13,Produuit_8,1,16.691550681086994,Client_95
2023-01-22,Produuit_1,3,72.44378306416291,Client_35
2023-06-26,Produuit_2,1,75.20861195740444,Client_84
2023-11-17,Produuit_10,10,52.00001464522617,Client_30
2023-01-09,Produuit_6,1,89.2670227315887,Client_96
2023-09-16,Produuit_3,10,45.32929439540885,Client_90
2023-08-21,Produuit_7,10,31.527835918752416,Client_85
2023-08-05,Produuit_5,6,34.22922854347999,Client_36
2023-11-04,Produuit_6,8,49.15754446670834,Client_5
2023-07-24,Produuit_9,5,11.991485194852848,Client_1
2023-09-15,Produuit_3,10,49.639779825284,Client_63
2023-11-07,Produuit_10,10,60.970735802614364,Client_67
2023-11-27,Produuit_4,9,12.39782854558868,Client_63
2023-09-07,Produuit_10,10,78.7057483737127,Client_8
2023-05-11,Produuit_8,6,48.34119468304097,Client_16
2023-10-19,Produuit_4,8,98.92661824070998,Client_66
2023-08-25,Produuit_7,5,98.78003219103817,Client_48
2023-02-23,Produuit_6,2,28.884163722461867,Client_74
2023-07-09,Produuit_3,6,42.998532460199925,Client_40
2023-11-14,Produuit_2,9,93.67546968221141,Client_32
2023-05-28,Produuit_6,2,26.964226422163666,Client_35
2023-01-23,Produuit_2,6,17.694151473349415,Client_98
2023-12-25,Produuit_5,8,89.52495055983238,Client_29
2023-10-01,Produuit_3,4,22.458255966180317,Client_19
2023-08-02,Produuit_5,10,94.52177768269543,Client_34
2023-08-20,Produuit_8,5,5.522132080981147,Client_82
2023-08-05,Produuit_7,4,66.32174919986429,Client_31
2023-03-02,Produuit_6,7,49.273346481778326,Client_61
2023-10-26,Produuit_1,5,15.001847973063393,Client_88
2023-12-22,Produuit_1,2,55.21451302970548,Client_15
2023-06-14,Produuit_4,9,89.26746201470674,Client_18
2023-05-20,Produuit_5,1,57.91947472320799,Client_98
2023-10-12,Produuit_3,1,95.45737253455917,Client_99
2023-06-28,Produuit_10,8,60.81436070032062,Client_37
2023-04-14,Produuit_6,4,48.60580494868806,Client_38
2023-05-17,Produuit_1,3,31.536013775225705,Client_99
2023-05-10,Produuit_8,1,94.9637914333255,Client_5
2023-09-26,Produuit_8,1,4.4951786605805815,Client_28
2023-06-08,Produuit_3,8,3.008243112052064,Client_100
2023-08-25,Produuit_2,5,70.17410668652116,Client_88
2023-05-23,Produuit_2,2,34.468547306713596,Client_17
2023-05-14,Produuit_7,8,38.30481000448952,Client_58
2023-11-27,Produuit_2,7,88.34649281900364,Client_31
2023-03-27,Produuit_7,7,91.40855821882049,Client_81
2023-08-11,Produuit_10,5,49.793595041984304,Client_62
2023-03-03,Produuit_7,2,84.4829279071403,Client_32
2023-05-18,Produuit_3,1,44.243986724609364,Client_39
2023-07-24,Produuit_3,2,1.1572889618449334,Client_25
2023-06-20,Produuit_8,8,81.12174353605532,Client_39
2023-05-27,Produuit_9,10,4.299142095746589,Client_16
2023-12-15,Produuit_9,8,26.870672698116884,Client_75
2023-04-08,Produuit_8,4,57.49791380141185,Client_6
2023-12-19,Produuit_4,7,83.93575497458747,Client_86
2023-10-06,Produuit_2,10,85.86769591912895,Client_39
2023-01-21,Produuit_1,3,35.687012469527716,Client_65
2023-10-02,Produuit_7,10,47.02888149335329,Client_27
2023-04-13,Produuit_2,2,42.76356461974004,Client_84
2023-03-18,Produuit_3,3,80.67285371875,Client_83
2023-05-25,Produuit_3,9,89.01077956283478,Client_54
2023-06-22,Produuit_5,7,81.18297706388933,Client_99
2023-05-20,Produuit_1,2,91.76532316666565,Client_100
2023-11-14,Produuit_4,3,40.47614590609429,Client_24
2023-02-22,Produuit_2,1,85.41717378196364,Client_96
2023-07-16,Produuit_4,8,25.776425807277388,Client_24
2023-02-10,Produuit_1,4,98.55068869275442,Client_17
2023-07-27,Produuit_2,10,9.676216033485458,Client_48
2023-11-08,Produuit_1,2,14.902600749365345,Client_58
2023-10-13,Produuit_5,1,36.80709128767698,Client_79
2023-12-16,Produuit_5,5,14.705372042655943,Client_61
2023-01-15,Produuit_6,4,8.49090566289404,Client_78
2023-07-25,Produuit_10,2,11.111081118308896,Client_59
2023-09-28,Produuit_4,4,52.51084295937209,Client_79
2023-07-22,Produuit_10,10,17.477860198252365,Client_16
2023-07-08,Produuit_5,10,73.89423729999393,Client_86
2023-02-27,Produuit_8,6,48.2468400234481,Client_26
2023-07-13,Produuit_10,7,64.18063904914179,Client_1
2023-06-23,Produuit_3,8,54.8546073513451,Client_75
2023-03-27,Produuit_7,2,82.14208879443905,Client_64
2023-12-04,Produuit_2,1,26.124097974939065,Client_50
2023-12-27,Produuit_4,6,62.75452594315789,Client_60
2023-08-16,Produuit_7,5,97.53569891285832,Client_55
2023-09-16,Produuit_6,7,20.298095015277518,Client_92
2023-06-07,Produuit_3,5,11.948190215529834,Client_16
2023-02-06,Produuit_2,4,51.09417096965319,Client_60
2023-07-27,Produuit_1,8,40.87023544850789,Client_25
2023-06-17,Produuit_9,7,90.58443763465937,Client_92
2023-10-28,Produuit_4,6,38.15566513612227,Client_10
2023-02-14,Produuit_3,4,76.90908905096042,Client_18
2023-10-01,Produuit_4,3,82.95949325868422,Client_79
2023-04-20,Produuit_1,1,5.396351952625324,Client_12
2023-03-11,Produuit_8,5,51.22930479130539,Client_10
2023-04-25,Produuit_8,10,49.25969033000459,Client_1
2023-09-05,Produuit_9,8,45.1010668901683,Client_67
2023-08-02,Produuit_6,7,78.66886688908029,Client_76
2023-04-08,Produuit_10,9,18.851593127410567,Client_48
2023-08-22,Produuit_3,1,33.499961725333165,Client_39
2023-12-05,Produuit_5,5,35.79334203242044,Client_55
2023-07-12,Produuit_10,9,49.312237634133304,Client_15
2023-11-09,Produuit_3,2,68.599541372769,Client_35
2023-05-24,Produuit_9,3,77.63809379654454,Client_40
2023-01-20,Produuit_5,1,40.5525762559792,Client_12
2023-10-16,Produuit_10,1,41.76804047756858,Client_14
2023-11-09,Produuit_9,3,18.90285067297035,Client_83
2023-03-11,Produuit_5,2,22.495759611716075,Client_9
2023-10-20,Produuit_9,3,75.68756229868326,Client_52
2023-06-05,Produuit_10,7,85.26436599868181,Client_36
2023-02-26,Produuit_2,4,7.483292778452347,Client_2
2023-12-27,Produuit_4,3,40.78707866505766,Client_1
2023-09-25,Produuit_1,2,70.4686152293121,Client_100
2023-08-09,Produuit_4,1,68.40780731066616,Client_20
2023-10-12,Produuit_10,7,96.05045325682028,Client_90
2023-04-16,Produuit_6,4,16.066111885045217,Client_96
2023-05-07,Produuit_6,8,22.502977160025566,Client_5
2023-01-08,Produuit_5,4,91.40411828109853,Client_69
2023-02-05,Produuit_8,6,99.2402387226578,Client_70
2023-05-22,Produuit_6,5,63.308238411759625,Client_75
2023-10-24,Produuit_2,3,90.92838359723997,Client_59
2023-01-06,Produuit_2,7,10.761495531393898,Client_85
2023-05-08,Produuit_8,5,5.712968000112345,Client_68
2023-02-24,Produuit_6,4,18.162429552304424,Client_61
2023-01-16,Produuit_3,9,72.1445749372317,Client_17
2023-09-14,Produuit_6,6,16.43798105261362,Client_31
2023-04-19,Produuit_9,7,41.581665133969665,Client_9
2023-03-25,Produuit_4,7,1.905205893923776,Client_60
2023-04-28,Produuit_6,2,67.43935187436915,Client_67
2023-11-16,Produuit_4,6,92.08220381442491,Client_31
2023-11-11,Produuit_2,6,12.023161939985386,Client_99
2023-05-07,Produuit_3,9,34.50056278834776,Client_15
2023-11-04,Produuit_10,7,5.646792400639324,Client_66
2023-11-15,Produuit_5,8,30.014124369617182,Client_21
2023-08-01,Produuit_4,3,72.89773630254798,Client_79
2023-06-15,Produuit_10,2,26.577634069135765,Client_79
2023-05-03,Produuit_6,3,4.734989424976431,Client_98
2023-09-23,Produuit_8,6,31.935422295861226,Client_84
2023-04-10,Produuit_10,8,38.546468003941754,Client_28
2023-12-21,Produuit_4,2,55.923212197087324,Client_18
2023-10-04,Produuit_7,2,23.016598607299713,Client_44
2023-09-28,Produuit_4,2,13.451185560056977,Client_76
2023-12-26,Produuit_7,1,57.964436231324036,Client_33
2023-08-17,Produuit_8,2,14.125828188915305,Client_87
2023-12-28,Produuit_6,6,6.075080949121047,Client_75
2023-02-23,Produuit_3,2,67.7912703198475,Client_69
2023-02-26,Produuit_8,6,59.79418066117701,Client_28
2023-01-11,Produuit_1,9,68.20266099541429,Client_4
2023-06-11,Produuit_6,1,65.5664683919748,Client_73
2023-01-20,Produuit_4,8,57.57522428789485,Client_34
2023-06-09,Produuit_4,9,73.21342197219187,Client_43
2023-09-09,Produuit_7,9,34.48647039530545,Client_58
2023-08-05,Produuit_3,8,30.945331091620066,Client_47
2023-11-01,Produuit_4,1,13.276294869830839,Client_29
2023-04-02,Produuit_8,3,77.92166541968254,Client_75
2023-08-18,Produuit_10,8,35.80307713568803,Client_34
2023-10-25,Produuit_10,3,82.91135503653933,Client_33
2023-11-24,Produuit_10,2,70.22937345298291,Client_21
2023-12-13,Produuit_1,3,94.42512501236853,Client_67
2023-06-16,Produuit_4,4,32.00115479714209,Client_67
2023-07-11,Produuit_7,7,22.517007479643222,Client_7
2023-09-06,Produuit_3,7,95.54242781285937,Client_56
2023-01-09,Produuit_6,4,18.258763682338905,Client_7
2023-12-16,Produuit_5,10,7.327232082115901,Client_85
2023-11-10,Produuit_1,8,95.7428828748505,Client_83
2023-06-25,Produuit_3,2,35.91313923199787,Client_16
2023-07-18,Produuit_9,1,9.371286850748406,Client_54
2023-02-25,Produuit_7,7,1.557705727590896,Client_48
2023-06-09,Produuit_3,7,35.78077762824562,Client_5
2023-03-20,Produuit_4,10,36.28590595430986,Client_57
2023-12-24,Produuit_7,2,7.205158569771894,Client_64
2023-01-24,Produuit_8,1,25.733877008909623,Client_24
2023-07-05,Produuit_9,1,89.29990519638623,Client_15
2023-09-05,Produuit_4,3,27.74237586537676,Client_77
2023-12-11,Produuit_8,2,44.82003437851227,Client_40
2023-03-03,Produuit_1,7,72.88109877125615,Client_78
2023-02-19,Produuit_4,9,22.71078443368303,Client_81
2023-08-22,Produuit_2,5,88.04370848999265,Client_73
2023-10-11,Produuit_10,9,88.4336949661957,Client_80
2023-10-04,Produuit_6,9,5.207713997350403,Client_51
2023-07-08,Produuit_5,7,13.175152978480355,Client_75
2023-04-11,Produuit_2,1,84.83455790641109,Client_63
2023-03-18,Produuit_2,5,77.87944726582383,Client_46
2023-07-16,Produuit_1,1,75.59083363750804,Client_62
2023-06-09,Produuit_4,9,23.238406506784752,Client_89
2023-10-13,Produuit_9,9,76.7986607508551,Client_39
2023-01-23,Produuit_4,1,45.74090296089537,Client_74
2023-07-05,Produuit_6,1,38.52581550848387,Client_3
2023-04-22,Produuit_10,2,79.20388737647015,Client_33
2023-03-05,Produuit_10,2,61.34321359599557,Client_46
2023-08-17,Produuit_4,8,17.68559831329191,Client_53
2023-06-04,Produuit_8,1,61.468629702101694,Client_86
2023-07-08,Produuit_4,1,42.586906598606355,Client_15
2023-06-27,Produuit_1,9,87.50207384783405,Client_55
2023-01-17,Produuit_6,9,38.18324649965563,Client_77
2023-05-23,Produuit_7,10,17.573164128782963,Client_34
2023-09-17,Produuit_9,6,61.4005558753961,Client_20
2023-09-17,Produuit_9,6,70.59776652442301,Client_40
2023-09-16,Produuit_4,7,71.52160221553669,Client_30
2023-01-15,Produuit_7,2,1.33690990522777,Client_45
2023-10-06,Produuit_10,2,57.160329306908665,Client_30
2023-07-06,Produuit_3,6,37.01066254768414,Client_100
2023-11-22,Produuit_1,10,72.82723035177483,Client_78
2023-09-28,Produuit_8,2,51.50986036500678,Client_69
2023-01-17,Produuit_5,2,49.07234266544211,Client_72
2023-07-22,Produuit_1,10,10.046696516123708,Client_41
2023-11-23,Produuit_7,7,81.2953240049454,Client_35
2023-06-14,Produuit_1,1,56.997086925844066,Client_94
2023-07-06,Produuit_4,8,57.981119681335954,Client_25
2023-05-18,Produuit_1,3,19.196222026884815,Client_41
2023-04-09,Produuit_3,2,68.49268241241009,Client_92
2023-07-04,Produuit_1,8,69.50563113360727,Client_65
2023-09-05,Produuit_9,5,29.989710907839893,Client_11
2023-08-27,Produuit_8,5,16.850666527640897,Client_6
2023-02-24,Produuit_8,6,48.693292890312364,Client_10
2023-08-05,Produuit_6,3,83.80123019870413,Client_44
2023-05-04,Produuit_9,8,92.9784224601621,Client_100
2023-03-15,Produuit_3,6,27.104526835370915,Client_40
2023-12-26,Produuit_2,7,65.64096273601685,Client_96
2023-01-22,Produuit_6,5,27.49692653111763,Client_96
2023-08-17,Produuit_9,7,77.28320157837688,Client_80
2023-04-15,Produuit_7,9,10.93794715738022,Client_38
2023-04-25,Produuit_2,6,72.2240710984268,Client_14
2023-11-16,Produuit_4,1,80.70169044237569,Client_2
2023-09-06,Produuit_10,6,77.85019714070756,Client_46
2023-10-21,Produuit_2,5,23.612875152679052,Client_98
2023-10-09,Produuit_4,7,91.18965462815054,Client_21
2023-06-12,Produuit_9,1,70.00998418437803,Client_39
2023-08-04,Produuit_7,8,36.982549456099505,Client_33
2023-02-10,Produuit_5,10,38.96076865955892,Client_46
2023-09-15,Produuit_6,1,23.791593368713944,Client_53
2023-10-22,Produuit_6,5,73.562827704408,Client_79
2023-10-14,Produuit_4,4,99.43285138578258,Client_30
2023-06-22,Produuit_1,2,37.891633937956826,Client_8
2023-08-03,Produuit_7,8,59.12827516980266,Client_23
2023-12-19,Produuit_9,3,59.27610123828307,Client_37
2023-10-19,Produuit_10,10,69.27625179843173,Client_55
2023-10-01,Produuit_9,1,82.9733578394674,Client_19
2023-03-13,Produuit_5,2,61.546623368543216,Client_2
2023-02-28,Produuit_8,3,9.85981405190722,Client_61
2023-05-19,Produuit_4,3,79.3645463510538,Client_38
2023-09-21,Produuit_3,1,19.6712575730232,Client_8
2023-09-20,Produuit_4,5,29.39863593591611,Client_9
2023-06-20,Produuit_7,10,72.21922804060306,Client_90
2023-10-17,Produuit_9,3,39.98542963099376,Client_64
2023-06-12,Produuit_8,2,42.763138836885865,Client_91
2023-12-22,Produuit_10,9,73.34351921816295,Client_6
2023-12-23,Produuit_2,1,49.99695149190215,Client_45
2023-07-15,Produuit_3,9,85.1685115779452,Client_4
2023-12-08,Produuit_3,1,97.5349630562003,Client_62
2023-11-13,Produuit_2,1,28.968731533112347,Client_80
2023-11-26,Produuit_3,3,12.753191826390376,Client_79
2023-07-02,Produuit_1,9,89.48970709839445,Client_61
2023-04-09,Produuit_10,2,69.00405759356455,Client_41
2023-12-26,Produuit_10,10,7.061720431350074,Client_71
2023-01-05,Produuit_6,7,18.29245797782324,Client_20
2023-01-11,Produuit_9,8,32.3716720699864,Client_22
2023-06-03,Produuit_4,1,80.98412852887569,Client_68
2023-02-23,Produuit_2,3,87.2874920910826,Client_69
2023-10-04,Produuit_7,10,98.10427395526801,Client_100
2023-12-24,Produuit_3,3,19.22090922253953,Client_59
2023-04-03,Produuit_9,9,94.78942876746288,Client_15
2023-10-12,Produuit_8,8,26.86614136662631,Client_17
2023-10-24,Produuit_6,7,84.79967820505378,Client_90
2023-10-02,Produuit_10,7,96.76137908235584,Client_49
2023-09-23,Produuit_7,4,69.29943656064428,Client_52
2023-08-08,Produuit_4,6,83.3253117526389,Client_97
2023-12-14,Produuit_1,5,39.157493052277296,Client_86
2023-06-19,Produuit_1,3,20.74987213700059,Client_3
2023-03-17,Produuit_3,6,34.42684714052049,Client_55
2023-06-10,Produuit_1,8,78.59835033886613,Client_22
2023-11-23,Produuit_1,7,39.856449816754484,Client_48
2023-09-05,Produuit_9,7,62.56085653161498,Client_87
2023-09-02,Produuit_8,7,88.79857783425011,Client_30
2023-03-03,Produuit_9,9,80.23422445722618,Client_93
2023-11-25,Produuit_2,2,64.16559772412054,Client_40
2023-02-07,Produuit_5,6,30.403761700446566,Client_4
2023-09-24,Produuit_7,2,80.79811906914632,Client_90
2023-11-13,Produuit_10,4,13.111834457170945,Client_81
2023-06-12,Produuit_4,2,4.597135681390986,Client_24
2023-03-08,Produuit_8,10,17.869141072126464,Client_60
2023-05-17,Produuit_5,1,3.368252972970051,Client_19
2023-06-28,Produuit_2,3,33.43318594021947,Client_62
2023-07-21,Produuit_8,4,92.65883669937942,Client_27
2023-06-20,Produuit_5,10,41.05279522345901,Client_2
2023-08-17,Produuit_9,10,9.380169225832123,Client_4
2023-12-14,Produuit_2,9,4.631992955510473,Client_56
2023-01-21,Produuit_6,5,78.52330185721794,Client_66
2023-06-28,Produuit_4,3,84.08134996317123,Client_84
2023-12-09,Produuit_2,5,2.2351581794110387,Client_68
2023-06-02,Produuit_3,5,8.446541871605074,Client_73
2023-04-13,Produuit_3,1,49.33775381651414,Client_53
2023-03-05,Produuit_3,5,64.84433990544692,Client_75
2023-12-07,Produuit_10,2,14.834682046177184,Client_90
2023-03-07,Produuit_9,3,12.09459499973819,Client_7
2023-09-24,Produuit_2,4,40.062859203779105,Client_94
2023-07-28,Produuit_10,6,25.955566478103272,Client_57
2023-03-11,Produuit_7,1,5.148609261226781,Client_15
2023-01-14,Produuit_3,9,64.02944670221005,Client_71
2023-07-23,Produuit_9,7,99.03844387222956,Client_100
2023-05-09,Produuit_3,2,52.65684703457874,Client_64
2023-09-27,Produuit_1,10,84.23917727188456,Client_5
2023-04-23,Produuit_6,7,48.510649791318436,Client_31
2023-10-08,Produuit_10,6,39.39198970214504,Client_53
2023-02-15,Produuit_3,8,62.93417265377997,Client_91
2023-09-19,Produuit_3,8,51.79761402301258,Client_9
2023-11-05,Produuit_6,7,49.259829851741394,Client_32
2023-09-21,Produuit_7,7,65.37793355432478,Client_37
2023-05-23,Produuit_2,9,10.736963047464231,Client_97
2023-09-04,Produuit_9,9,71.50488473668116,Client_89
2023-05-01,Produuit_3,6,58.16343794909515,Client_82
2023-07-14,Produuit_10,2,26.657979068695045,Client_54
2023-01-08,Produuit_4,9,83.61477075462984,Client_35
2023-07-25,Produuit_9,9,60.085010995685586,Client_33
2023-10-01,Produuit_4,10,6.718223208975138,Client_58
2023-10-09,Produuit_3,3,71.08253868908807,Client_49
2023-07-27,Produuit_8,6,1.6566243194164625,Client_86
2023-11-07,Produuit_6,7,76.62286619948577,Client_68
2023-06-01,Produuit_8,7,38.207459438355826,Client_62
2023-11-20,Produuit_2,8,37.022953761784905,Client_5
2023-06-20,Produuit_9,10,1.7707458617489056,Client_3
2023-09-04,Produuit_6,3,76.84850589449817,Client_29
2023-03-20,Produuit_1,7,16.735466095541383,Client_26
2023-09-26,Produuit_5,6,93.43213161615616,Client_30
2023-10-23,Produuit_8,3,66.17120885671005,Client_82
2023-09-01,Produuit_4,8,4.7987784102220665,Client_6
2023-08-04,Produuit_2,2,77.2997884153039,Client_11
2023-06-07,Produuit_2,10,90.50392364513873,Client_54
2023-04-11,Produuit_2,1,27.658774025306624,Client_38
2023-05-08,Produuit_5,6,19.11724179644139,Client_81
2023-11-16,Produuit_2,1,50.82669754436177,Client_8
2023-07-18,Produuit_3,3,36.10981856897276,Client_22
2023-09-27,Produuit_8,3,47.40351379341945,Client_13
2023-11-11,Produuit_9,2,17.399762505244905,Client_47
2023-02-09,Produuit_2,10,12.333063559472137,Client_57
2023-12-05,Produuit_1,5,16.419540302236122,Client_18
2023-05-17,Produuit_4,8,41.71241175096492,Client_12
2023-09-10,Produuit_3,2,67.21568238821884,Client_8
2023-08-25,Produuit_7,6,11.786627007766922,Client_4
2023-12-25,Produuit_4,4,51.48944649853237,Client_55
2023-06-10,Produuit_5,10,32.65526768757199,Client_58
2023-09-24,Produuit_8,10,70.60851501861592,Client_24
2023-05-16,Produuit_7,8,53.551951507954975,Client_16
2023-01-24,Produuit_3,5,31.847171343301792,Client_59
2023-01-23,Produuit_1,2,66.8992067926748,Client_3
2023-03-11,Produuit_7,5,12.468321403271785,Client_7
2023-04-09,Produuit_2,6,88.61155950442851,Client_16
2023-06-14,Produuit_1,9,17.305670365643127,Client_32
2023-09-02,Produuit_2,9,21.59174569411944,Client_21
2023-03-01,Produuit_1,10,90.67501304260352,Client_4
2023-01-19,Produuit_3,2,33.107605684389334,Client_84
2023-05-06,Produuit_2,3,82.6794974213488,Client_22
2023-07-19,Produuit_8,1,94.34821468568164,Client_58
2023-07-28,Produuit_5,3,13.65336526110059,Client_74
2023-07-21,Produuit_5,8,78.08345256093676,Client_39
2023-02-19,Produuit_1,10,53.596909731113996,Client_86
2023-03-25,Produuit_10,3,15.883430514720166,Client_16
2023-08-12,Produuit_8,5,28.3446633007103,Client_93
2023-12-14,Produuit_7,4,6.892848647155372,Client_33
2023-04-10,Produuit_10,7,58.63362560696513,Client_96
2023-06-16,Produuit_3,9,37.60109598604461,Client_97
2023-02-03,Produuit_4,6,37.64826038908189,Client_54
2023-07-03,Produuit_1,2,2.1974991055360973,Client_71
2023-11-19,Produuit_8,3,27.866935697017503,Client_13
2023-12-27,Produuit_2,2,31.24855112295807,Client_98
2023-10-21,Produuit_9,8,30.932696095581996,Client_30
2023-11-20,Produuit_7,6,30.25279617058234,Client_1
2023-07-18,Produuit_6,9,93.96531792093775,Client_78
2023-05-09,Produuit_9,6,90.0170059987229,Client_4
2023-05-01,Produuit_7,9,7.0649896975631785,Client_11
2023-07-26,Produuit_2,8,30.096333677954423,Client_58
2023-08-01,Produuit_7,9,33.755381248241356,Client_37
2023-11-20,Produuit_4,4,74.43840750763695,Client_57
2023-03-20,Produuit_5,1,93.4537644643526,Client_78
2023-11-04,Produuit_1,7,92.40493704514303,Client_14
2023-11-28,Produuit_3,6,85.89131139270141,Client_72
2023-04-23,Produuit_2,6,86.66537609988922,Client_63
2023-03-09,Produuit_6,4,42.7326189814631,Client_99
2023-08-20,Produuit_5,9,48.693456729858795,Client_83
2023-08-20,Produuit_3,10,4.722760943350541,Client_96
2023-05-25,Produuit_3,3,99.06877870017705,Client_2
2023-07-11,Produuit_10,7,66.09068382530252,Client_77
2023-05-20,Produuit_1,3,68.12775743773908,Client_9
2023-10-09,Produuit_5,8,28.354637058502036,Client_90
2023-04-05,Produuit_1,3,25.947225700373913,Client_59
2023-01-05,Produuit_3,2,88.87935743081671,Client_13
2023-06-20,Produuit_1,3,25.362033840079928,Client_93
2023-05-05,Produuit_3,8,7.913838758608629,Client_25
2023-09-21,Produuit_3,1,82.93291589288052,Client_18
2023-07-08,Produuit_4,9,56.80575063850094,Client_58
2023-06-21,Produuit_2,9,20.63468984521316,Client_14
2023-08-26,Produuit_9,3,36.24912181728425,Client_32
2023-12-03,Produuit_3,6,46.39233354254726,Client_37
2023-05-14,Produuit_8,7,68.1732151208171,Client_100
2023-06-19,Produuit_1,8,66.86467457811683,Client_45
2023-10-24,Produuit_9,4,33.724589071454076,Client_74
2023-11-28,Produuit_6,5,41.90059485260035,Client_6
2023-05-24,Produuit_7,9,99.78143428154084,Client_94
2023-10-19,Produuit_7,7,73.53935361002804,Client_56
2023-10-20,Produuit_8,10,56.107383780456075,Client_42
2023-09-08,Produuit_10,9,71.63369372243753,Client_86
2023-01-12,Produuit_8,9,83.4964751142896,Client_87
2023-02-07,Produuit_8,9,39.151086419301535,Client_85
2023-07-19,Produuit_7,7,37.938307054193,Client_10
2023-04-13,Produuit_8,1,89.28188498566527,Client_23
2023-04-13,Produuit_4,8,32.39392688790889,Client_22
2023-05-11,Produuit_9,7,70.3449810029343,Client_32
2023-09-27,Produuit_9,10,8.172767892870791,Client_62
2023-02-13,Produuit_10,1,84.34544095452374,Client_77
2023-11-20,Produuit_1,6,38.94980220237581,Client_31
2023-04-26,Produuit_3,8,95.46281321740952,Client_9
2023-05-24,Produuit_1,4,31.08597192220152,Client_54
2023-04-13,Produuit_4,4,79.29360479669931,Client_8
2023-09-03,Produuit_3,9,57.641102738461186,Client_61
2023-05-24,Produuit_10,3,95.78257032436295,Client_71
2023-05-15,Produuit_9,4,14.441750702647552,Client_50
2023-02-17,Produuit_8,4,68.33479998938715,Client_23
2023-06-03,Produuit_3,8,54.208265788606006,Client_41
2023-06-03,Produuit_7,6,49.75669747689825,Client_39
2023-10-22,Produuit_7,7,93.50755362430337,Client_14
2023-04-02,Produuit_4,9,86.20032769036897,Client_11
2023-08-26,Produuit_6,2,29.80774263456242,Client_95
2023-04-22,Produuit_9,10,19.387153669859376,Client_87
2023-11-18,Produuit_9,2,92.74950377162142,Client_93
2023-12-18,Produuit_10,3,14.191106744728682,Client_1
2023-09-25,Produuit_7,7,4.620947681700368,Client_98
2023-03-24,Produuit_3,1,11.47377489589085,Client_4
2023-01-06,Produuit_4,2,7.101161192719624,Client_83
2023-10-16,Produuit_7,10,46.215976146011634,Client_23
2023-11-24,Produuit_7,8,26.406258936239265,Client_45
2023-12-26,Produuit_5,10,44.496324290195545,Client_73
2023-12-25,Produuit_9,3,34.91845798583214,Client_15
2023-07-01,Produuit_4,6,93.92643200152929,Client_1
2023-01-17,Produuit_3,3,79.15151632966075,Client_8
2023-02-18,Produuit_3,3,61.84694205534438,Client_24
2023-04-17,Produuit_7,4,20.303785135945812,Client_9
2023-08-12,Produuit_9,9,46.51695127562145,Client_12
2023-07-28,Produuit_8,1,43.26536291592157,Client_77
2023-03-09,Produuit_9,1,51.86574070705854,Client_55
2023-12-06,Produuit_10,7,89.37150853021768,Client_81
2023-01-04,Produuit_7,4,71.82654754936014,Client_18
2023-03-23,Produuit_6,3,55.4863124091618,Client_11
2023-07-12,Produuit_8,6,95.05725353735801,Client_26
2023-04-05,Produuit_2,2,17.91631148065709,Client_50
2023-07-11,Produuit_6,1,22.35919371662588,Client_72
2023-06-14,Produuit_2,10,46.45878968421897,Client_9
2023-03-26,Produuit_3,3,43.96009702773332,Client_42
2023-05-17,Produuit_5,2,49.89275554432366,Client_34
2023-02-09,Produuit_4,10,63.638911540030456,Client_21
2023-11-24,Produuit_2,3,49.198524825709114,Client_94
2023-07-18,Produuit_1,6,13.4955534712838,Client_2
2023-11-21,Produuit_10,4,66.35269420529433,Client_49
2023-09-22,Produuit_7,10,67.72153673035716,Client_23
2023-03-07,Produuit_3,10,18.317917768612823,Client_65
2023-04-08,Produuit_2,9,78.57687604393776,Client_15
2023-02-18,Produuit_3,1,66.0332039293059,Client_77
2023-02-09,Produuit_1,9,16.692947653605078,Client_29
2023-06-22,Produuit_5,4,25.020497729578423,Client_70
2023-06-04,Produuit_2,3,78.20439700999687,Client_65
2023-10-11,Produuit_6,4,65.69323903123936,Client_77
2023-04-21,Produuit_10,10,89.24124321235962,Client_88
2023-12-28,Produuit_1,8,29.008066514243698,Client_37
2023-12-19,Produuit_7,7,70.59259786983326,Client_92
2023-08-19,Produuit_3,5,24.534119503556603,Client_39
2023-10-25,Produuit_10,6,54.2325304062287,Client_28
2023-04-04,Produuit_2,4,88.54270129809022,Client_84
2023-05-25,Produuit_6,10,24.784729187933273,Client_29
2023-04-04,Produuit_6,9,93.1712104699128,Client_53
2023-10-01,Produuit_1,5,20.903269081738028,Client_15
2023-08-06,Produuit_9,7,98.05675644454466,Client_79
2023-03-22,Produuit_2,6,60.13042714387129,Client_29
2023-11-03,Produuit_9,10,7.317469675302925,Client_23
2023-11-20,Produuit_2,8,61.27918213451355,Client_27
2023-05-08,Produuit_5,4,60.195985633356905,Client_86
2023-05-01,Produuit_6,1,12.562046551019918,Client_19
2023-06-11,Produuit_9,6,45.78153754431602,Client_22
2023-07-14,Produuit_1,7,10.897983081103286,Client_8
2023-06-24,Produuit_5,7,20.57263388258448,Client_63
2023-02-27,Produuit_7,7,25.512374193122692,Client_48
2023-05-12,Produuit_7,2,18.85738766529537,Client_70
2023-08-26,Produuit_2,10,73.42681986678123,Client_3
2023-04-19,Produuit_5,3,47.4175633850973,Client_21
2023-03-19,Produuit_2,5,64.57781008471918,Client_10
2023-02-24,Produuit_6,9,85.0407158107202,Client_44
2023-11-11,Produuit_6,5,87.80037112141814,Client_54
2023-07-27,Produuit_2,10,58.710852259471416,Client_40
2023-11-10,Produuit_10,8,16.31344199227079,Client_16
2023-08-28,Produuit_8,10,63.67481879550571,Client_47
2023-02-22,Produuit_8,6,74.40504575080895,Client_98
2023-12-27,Produuit_9,8,86.34448888881754,Client_97
2023-02-22,Produuit_3,10,51.71957074148933,Client_52
2023-12-05,Produuit_8,7,25.664393995062245,Client_65
2023-07-13,Produuit_4,8,45.53628558996416,Client_87
2023-06-02,Produuit_3,4,22.44871879727883,Client_28
2023-06-08,Produuit_7,8,35.60083043029386,Client_28
2023-11-08,Produuit_8,3,42.60769836386632,Client_89
2023-07-07,Produuit_6,3,12.084068408933698,Client_11
2023-12-09,Produuit_10,1,87.40621066256391,Client_12
2023-03-15,Produuit_9,4,11.354357571344952,Client_12
2023-05-17,Produuit_10,2,2.245269870384723,Client_64
2023-11-26,Produuit_7,8,73.27438969990253,Client_66
2023-03-23,Produuit_10,10,59.971489449021966,Client_42
2023-06-02,Produuit_10,4,18.297144498317195,Client_14
2023-01-01,Produuit_6,5,15.47475694395425,Client_8
2023-04-25,Produuit_8,10,49.973515182471985,Client_84
